"name","FIFA 23","Regression","Classification"
"Kevin De Bruyne",91,87.6428833333333,"91"
"Robert Lewandowski",91,88.0882,"91"
"Karim Benzema",91,87.7432666666666,"91"
"Lionel Messi",91,88.8372666666667,"91"
"Kylian Mbappé",91,88.8922,"91"
"Cristiano Ronaldo",90,84.8810166666667,"85"
"Virgil van Dijk",90,86.5171666666667,"90"
"Mohamed Salah",90,88.15725,"89"
"Thibaut Courtois",90,86.1696333333333,"90"
"Manuel Neuer",90,85.04305,"90"
"N'Golo Kanté",89,84.8229,"83"
"Ederson",89,85.8708333333333,"89"
"Harry Kane",89,87.23565,"89"
"Alisson",89,86.0803,"89"
"Casemiro",89,86.1703333333334,"89"
"Heung Min Son",89,86.5950833333333,"89"
"Jan Oblak",89,85.4291333333332,"91"
"Neymar Jr",89,87.2193,"91"
"Joshua Kimmich",89,86.8246666666667,"89"
"Sadio Mané",89,86.45015,"85"
"Keylor Navas",88,84.814,"82"
"João Cancelo",88,84.4734833333334,"83"
"Rúben Dias",88,85.3051833333333,"88"
"Bernardo Silva",88,85.9025,"86"
"Erling Haaland",88,86.3070499999999,"88"
"Luka Modric",88,85.8412500000001,"87"
"ter Stegen",88,86.0472,"90"
"Toni Kroos",88,85.7625333333334,"88"
"Gianluigi Donnarumma",88,85.8592833333334,"89"
"Marquinhos",88,85.57275,"88"
"João Cancelo",88,84.6732833333333,"83"
"Fabinho",87,84.9761833333334,"87"
"Andrew Robertson",87,84.9438666666667,"87"
"Rodri",87,85.1836333333334,"87"
"Kalidou Koulibaly",87,84.3621333333333,"84"
"Trent Alexander-Arnold",87,85.7464,"87"
"Hugo Lloris",87,84.8731999999999,"87"
"David De Gea",87,85.3595666666667,"87"
"Antonio Rüdiger",87,84.4393166666667,"82"
"Frenkie de Jong",87,85.9514666666667,"87"
"Mike Maignan",87,84.5077666666666,"82"
"Marco Verratti",87,85.7988166666667,"86"
"Leon Goretzka",87,85.40995,"87"
"Thomas Müller",87,85.51185,"87"
"Bruno Fernandes",86,85.6163666666666,"86"
"Riyad Mahrez",86,85.2844333333333,"86"
"Thiago",86,84.4796166666667,"86"
"Raheem Sterling",86,84.2376333333333,"82"
"Thiago Silva",86,83.5475999999999,"85"
"Édouard Mendy",86,83.3142166666666,"82"
"Aymeric Laporte",86,83.4882666666667,"86"
"Parejo",86,84.7497333333333,"86"
"David Alaba",86,84.2451,"84"
"Vinícius Júnior",86,85.5991333333333,"85"
"Paulo Dybala",86,83.8812166666667,"86"
"Milan Škriniar",86,84.45825,"85"
"Marcelo Brozovic",86,84.21405,"84"
"Nicolò Barella",86,85.6178833333334,"87"
"Sergej Milinkovic-Savic",86,85.2241333333333,"86"
"Romelu Lukaku",86,83.7741333333334,"86"
"Ciro Immobile",86,84.2404166666666,"85"
"Lautaro Martínez",86,85.9375333333333,"86"
"Wojciech Szczesny",86,83.7717333333333,"87"
"Christopher Nkunku",86,84.8285833333333,"85"
"Kevin Trapp",86,84.2550833333333,"83"
"Kingsley Coman",86,84.7623666666667,"84"
"Jorginho",85,83.9591166666667,"85"
"Aubameyang",85,82.4317,"85"
"Jamie Vardy",85,83.1519166666667,"85"
"Kyle Walker",85,83.59295,"85"
"Ilkay Gündogan",85,84.4463,"85"
"Phil Foden",85,84.6775,"85"
"Diogo Jota",85,83.03915,"82"
"Jorginho",85,83.9703166666667,"85"
"Memphis Depay",85,83.0530666666667,"82"
"Jordi Alba Ramos",85,83.3154000000001,"83"
"Gerard Moreno",85,82.85635,"82"
"Iago Aspas",85,84.71005,"85"
"Memphis Depay",85,83.0509666666667,"82"
"Nabil Fekir",85,83.3651333333334,"82"
"Sergio Busquets",85,83.8820333333334,"85"
"Yannick Carrasco",85,84.3086666666666,"85"
"Marcos Acuña",85,83.98825,"85"
"Pedri",85,84.9958833333334,"85"
"Péter Gulácsi",85,82.4099666666667,"80"
"Filip Kostić",85,83.6334333333333,"85"
"Theo Hernández",85,83.9889333333333,"83"
"Paul Pogba",85,82.5542833333334,"82"
"Yann Sommer",85,84.3571666666666,"86"
"Serge Gnabry",85,84.3977,"85"
"Marco Reus",85,83.7875666666667,"85"
"Patrik Schick",85,82.7454666666666,"80"
"Niklas Süle",85,83.7311166666666,"85"
"Yann Sommer",85,84.40455,"86"
"Matthijs de Ligt",85,84.1484166666667,"85"
"João Félix",84,82.5707833333333,"81"
"Kieran Trippier",84,83.902,"84"
"Wilfred Ndidi",84,82.2172666666666,"84"
"Raphaël Varane",84,82.2867166666667,"84"
"Emiliano Martínez",84,83.5994999999999,"82"
"Thomas Partey",84,83.4067,"84"
"Ivan Perišić",84,82.63775,"83"
"Declan Rice",84,82.97115,"84"
"Youri Tielemans",84,83.5439333333333,"84"
"Martin Ødegaard",84,84.20915,"84"
"Jadon Sancho",84,83.7393,"84"
"Luis Díaz",84,82.2847666666666,"81"
"Joel Matip",84,82.2924833333333,"83"
"Reece James",84,82.1246,"82"
"Mateo Kovacic",84,82.55235,"83"
"Mason Mount",84,82.47555,"82"
"Kai Havertz",84,83.4851833333333,"84"
"Jack Grealish",84,83.8384,"84"
"Alejandro Gómez",84,82.4263166666667,"85"
"Muniain",84,83.1237333333333,"84"
"Canales",84,83.1193666666666,"84"
"De Paul",84,83.5385666666667,"84"
"Kessié",84,82.0028,"82"
"Marcos Llorente",84,82.6460333333333,"83"
"Oyarzabal",84,82.2090666666667,"81"
"Eden Hazard",84,82.1737333333333,"82"
"Stefan Savić",84,82.1153166666667,"84"
"Carvajal",84,82.1112,"80"
"Éder Militão",84,83.51225,"84"
"Yassine Bounou",84,82.1156333333333,"82"
"Jules Koundé",84,83.7910666666667,"84"
"Federico Valverde",84,84.0582666666666,"84"
"João Félix",84,82.5574666666667,"81"
"Samir Handanovic",84,81.5346333333333,"79"
"Edin Džeko",84,82.3959333333334,"82"
"Stefan de Vrij",84,82.5728499999999,"84"
"Domenico Berardi",84,83.7099,"84"
"Alessandro Bastoni",84,83.27245,"84"
"Hakan Çalhanoğlu",84,83.4782666666666,"84"
"Lorenzo Pellegrini",84,83.9033999999999,"84"
"Sandro Tonali",84,83.9833833333334,"84"
"Fikayo Tomori",84,83.0315,"84"
"Rafael Leão",84,84.5274666666666,"85"
"Federico Chiesa",84,82.4416833333333,"84"
"Ángel Di María",84,82.91105,"82"
"Leonardo Bonucci",84,81.8813166666667,"84"
"Dušan Vlahović",84,81.8976166666667,"80"
"Wissam Ben Yedder",84,83.7883166666667,"84"
"Sergio Ramos",84,82.9600166666666,"82"
"Achraf Hakimi",84,83.4588666666667,"83"
"Lucas Hernández",84,81.9376333333334,"82"
"Mats Hummels",84,82.8981,"84"
"Koen Casteels",84,83.7385666666666,"83"
"Leroy Sané",84,83.9972333333333,"84"
"Moussa Diaby",84,83.5983166666666,"84"
"Alphonso Davies",84,83.6996333333333,"83"
"Jude Bellingham",84,83.97545,"85"
"Cody Gakpo",83,81.5319,"82"
"Cristian Romero",83,82.4026,"82"
"Diego Carlos",83,81.0257000000001,"82"
"Ricardo Pereira",83,81.3794833333333,"82"
"Pierre-Emile Højbjerg",83,82.8522,"82"
"Gabriel Jesus",83,83.3862,"83"
"John Stones",83,82.4254833333333,"84"
"Rúben Neves",83,82.5903333333334,"83"
"Roberto Firmino",83,82.5657166666667,"83"
"Jordan Henderson",83,82.7378833333333,"83"
"Hakim Ziyech",83,81.3621166666667,"82"
"Giménez",83,81.4577833333333,"84"
"Fernando Reges",83,81.30235,"83"
"Gerard Piqué",83,80.9922,"80"
"Ronald Araujo",83,82.2137,"82"
"De Tomás",83,80.7408333333334,"82"
"Jorge Resurrección",83,82.7705333333334,"84"
"Thomas Lemar",83,81.5474833333333,"82"
"Antoine Griezmann",83,84.5436833333332,"84"
"Raphinha",83,84.0923833333334,"85"
"Ángel Correa",83,81.8132,"83"
"Merino",83,83.4171833333333,"83"
"David Silva",83,82.7351166666666,"83"
"Ousmane Dembélé",83,82.85,"84"
"Marco Asensio",83,82.7180166666666,"83"
"Ferland Mendy",83,80.9372666666667,"80"
"Pau Torres",83,82.4971166666667,"83"
"Jesús Navas",83,81.4165,"80"
"Unai Simón",83,82.37455,"83"
"Duván Zapata",83,80.7037,"82"
"Victor Osimhen",83,83.2179,"83"
"Piotr Zieliński",83,83.4357499999999,"83"
"Luis Alberto",83,82.7215166666666,"83"
"Juan Cuadrado",83,81.968,"83"
"Bremer",83,81.2930333333334,"82"
"Kasper Schmeichel",83,82.9599833333333,"83"
"Fabián",83,82.587,"82"
"Carlos Soler",83,81.36465,"80"
"Presnel Kimpembe",83,80.9457166666667,"82"
"Lukáš Hrádecký",83,82.5978333333333,"83"
"Gregor Kobel",83,82.5145666666666,"82"
"Oliver Baumann",83,82.61635,"82"
"Angeliño",83,83.1594,"83"
"Konrad Laimer",83,80.9066166666667,"81"
"Arnaut Danjuma",82,80.6046833333334,"80"
"Łukasz Fabiański",82,81.6993833333333,"82"
"James Maddison",82,83.0618833333333,"82"
"Idrissa Gueye",82,81.4778166666667,"80"
"Lucas Digne",82,80.9872,"82"
"Jordan Pickford",82,82.21315,"82"
"Christian Eriksen",82,82.43315,"82"
"Gonçalo Guedes",82,80.5343166666667,"80"
"Raúl Jiménez",82,79.9222166666667,"79"
"Coutinho",82,81.2709166666667,"82"
"Wilfried Zaha",82,81.5596166666667,"82"
"Lucas Paquetá",82,81.4724,"81"
"Antony",82,81.7605500000001,"81"
"Bukayo Saka",82,84.2676166666667,"84"
"Darwin Núñez",82,82.5304333333333,"81"
"Azpilicueta",82,81.1071166666666,"82"
"Ben Chilwell",82,81.0358,"82"
"Aaron Ramsdale",82,82.19665,"82"
"Christian Pulisic",82,80.8272,"80"
"Raúl Albiol",82,81.6364166666667,"82"
"Aritz Elustondo",82,80.62265,"80"
"Andreas Christensen",82,81.5083333333333,"82"
"David Soria",82,81.7096666666667,"82"
"Álex Remiro",82,81.96945,"82"
"Gayà",82,82.5753666666667,"83"
"Arnaut Danjuma",82,80.5997833333334,"80"
"Ferrán Torres",82,81.5677166666667,"82"
"Ivan Rakitić",82,81.254,"82"
"Gerónimo Rulli",82,81.1522,"82"
"Iñigo Martínez",82,80.8632666666667,"82"
"Gabriel Paulista",82,81.3776166666667,"82"
"Yuri Berchiche",82,81.31775,"82"
"Geoffrey Kondogbia",82,80.5233333333333,"79"
"Sergi Darder",82,83.0871833333333,"84"
"Isco",82,80.5791666666667,"82"
"Nacho Fernández",82,80.7336,"80"
"Aurélien Tchouaméni",82,82.5158666666667,"84"
"Olivier Giroud",82,82.2374333333333,"80"
"Simon Kjær",82,80.2024999999999,"80"
"Francesco Acerbi",82,81.8877166666667,"83"
"Tammy Abraham",82,81.8367833333334,"80"
"Luis Muriel",82,81.0068666666666,"82"
"Leonardo Spinazzola",82,80.7934,"80"
"Rui Patrício",82,81.81085,"84"
"Denzel Dumfries",82,82.5962,"82"
"Giovanni Di Lorenzo",82,82.6125166666666,"80"
"Robin Gosens",82,80.9419166666666,"82"
"André Onana",82,81.7632666666667,"82"
"Ismaël Bennacer",82,82.3975333333333,"83"
"Ruslan Malinovskyi",82,80.8796666666667,"82"
"Zlatan Ibrahimović",82,79.9023,"79"
"Marko Arnautović",82,80.96525,"80"
"Manuel Locatelli",82,81.9296166666666,"82"
"Ruslan Malinovskyi",82,80.7658833333334,"82"
"Anthony Lopes",82,81.9649166666666,"82"
"Dimitri Payet",82,80.9373666666666,"82"
"Kevin Volland",82,80.38065,"79"
"Jonathan Tah",82,81.2938,"79"
"Julian Brandt",82,83.5111666666666,"84"
"Sébastien Haller",82,80.60175,"79"
"Andrej Kramarić",82,82.4876499999999,"82"
"Noussair Mazraoui",82,81.7844166666666,"81"
"Matthias Ginter",82,81.5217666666667,"82"
"Emre Can",82,82.0878999999999,"82"
"Guerreiro",82,83.6558666666666,"84"
"Willi Orban",82,82.0091666666667,"81"
"Dani Olmo",82,81.6681833333333,"81"
"André Silva",82,81.5020666666667,"82"
"Timo Werner",82,81.45375,"82"
"Florian Wirtz",82,81.5686,"81"
"Nico Schlotterbeck",82,82.3755,"82"
"Felipe",81,79.24465,"78"
"Pedro Porro",81,79.8136666666667,"79"
"Pablo Sarabia",81,79.881,"80"
"Matheus Cunha",81,79.8022166666667,"79"
"Gabriel",81,82.1799166666666,"81"
"Ibrahima Konaté",81,79.5964833333334,"78"
"Harry Maguire",81,79.0622333333334,"78"
"Nick Pope",81,81.4602833333333,"83"
"Neto",81,80.5938666666667,"77"
"Kieran Tierney",81,79.60005,"80"
"James Ward-Prowse",81,80.806,"81"
"Alphonse Areola",81,80.3978833333333,"82"
"Tomáš Souček",81,80.1413833333333,"81"
"Palhinha",81,79.9839,"79"
"Kalvin Phillips",81,79.8722166666667,"80"
"Bruno Guimarães",81,81.3820333333334,"81"
"Yves Bissouma",81,79.7906,"80"
"Manuel Akanji",81,81.1811,"80"
"Richarlison",81,79.4670666666667,"80"
"Dejan Kulusevski",81,80.7533833333333,"81"
"Denis Zakaria",81,79.72285,"80"
"Lisandro Martínez",81,80.6367166666667,"80"
"João Moutinho",81,78.7159166666668,"78"
"Allan Saint-Maximin",81,79.8068833333333,"80"
"Marcus Rashford",81,82.4011,"85"
"José Sá",81,81.19965,"81"
"Joe Gomez",81,79.8820166666667,"80"
"Naby Keïta",81,79.8225833333334,"80"
"Cucurella",81,80.35225,"80"
"Cavani",81,78.6331,"79"
"Lucas Ocampos",81,79.6938166666667,"79"
"Robin Le Normand",81,79.8429499999999,"79"
"Guido Rodríguez",81,80.3834666666667,"80"
"Felipe",81,79.2531333333333,"78"
"Borja Iglesias",81,80.5939333333334,"81"
"Matheus Cunha",81,79.8585333333333,"80"
"Giovani Lo Celso",81,80.4947666666667,"81"
"Thomas Delaney",81,79.542,"80"
"Iñaki Williams",81,81.1175166666667,"81"
"Jesús Corona",81,79.7262333333333,"80"
"Lucas Vázquez",81,80.0051833333334,"80"
"Rodrygo",81,82.3123166666667,"84"
"Gianluca Mancini",81,80.1575166666666,"81"
"Chris Smalling",81,80.2582333333333,"79"
"Juan Musso",81,81.1195666666667,"81"
"Matteo Politano",81,80.3905666666667,"81"
"Rafael Tolói",81,80.7214,"81"
"Hirving Lozano",81,80.162,"81"
"Stanislav Lobotka",81,81.0284333333333,"80"
"Henrikh Mkhitaryan",81,80.9148333333333,"81"
"Mario Pašalić",81,79.8410833333333,"80"
"Zambo Anguissa",81,81.5870333333334,"81"
"Nicolò Zaniolo",81,79.55045,"78"
"Antonín Barák",81,80.0158833333334,"79"
"Téji Savanier",81,81.0834166666667,"81"
"Corentin Tolisso",81,81.2410333333333,"80"
"Nicolás Tagliafico",81,81.3591833333333,"80"
"Pablo Sarabia",81,79.95235,"80"
"Alexandre Lacazette",81,82.4025000000001,"80"
"Martin Terrier",81,80.053,"81"
"Gaëtan Laborde",81,81.8109833333333,"81"
"Benjamin Bourigeaud",81,82.3403666666667,"83"
"Seko Fofana",81,81.36535,"81"
"Thomas Delaney",81,79.4508166666667,"80"
"Vincenzo Grifo",81,81.0198833333333,"81"
"Mario Götze",81,81.7806833333334,"84"
"Dayot Upamecano",81,81.4915666666667,"81"
"Edmond Tapsoba",81,81.1878333333333,"82"
"Kerem Demirbay",81,80.0421166666667,"80"
"Robert Andrich",81,79.9277166666667,"80"
"Evan Ndicka",81,80.8860833333333,"80"
"Jonas Hofmann",81,81.8767833333333,"81"
"Joško Gvardiol",81,80.84285,"80"
"Emil Forsberg",81,79.8264166666667,"81"
"Jamal Musiala",81,82.9014,"84"
"David Raum",81,80.1795833333333,"81"
"Weston McKennie",80,79.3141833333333,"80"
"Marcel Sabitzer",80,78.4811666666667,"79"
"Álex Moreno",80,78.5211333333333,"78"
"Martin Dúbravka",80,79.3898499999999,"80"
"Smith Rowe",80,78.88355,"78"
"Sven Botman",80,80.1699,"79"
"Aaron Wan-Bissaka",80,79.666,"79"
"Gianluca Scamacca",80,78.28405,"78"
"Kepa Arrizabalaga",80,80.2448166666666,"82"
"Vladimír Coufal",80,79.39115,"80"
"Kurt Zouma",80,78.4540999999999,"80"
"Jarrod Bowen",80,80.0128166666666,"81"
"Leon Bailey",80,79.7035,"82"
"Alexander Isak",80,79.5995833333332,"79"
"Luke Shaw",80,80.2299999999999,"80"
"Boubacar Kamara",80,78.9929833333333,"80"
"Harvey Barnes",80,80.5179166666667,"81"
"Dominic Calvert-Lewin",80,78.21105,"78"
"Anthony Martial",80,78.84025,"80"
"Bernd Leno",80,80.6790833333334,"82"
"Nayef Aguerd",80,79.0498833333333,"79"
"Stefan Ortega",80,79.5928333333333,"77"
"Victor Lindelöf",80,79.2546833333333,"80"
"Renan Lodi",80,79.42765,"80"
"Remo Freuler",80,78.8688,"79"
"Eric Dier",80,80.0142500000001,"80"
"Emiliano Buendía",80,80.4772166666667,"80"
"Lucas Moura",80,78.5076333333334,"80"
"Luis Sinisterra",80,79.0272666666666,"78"
"Scott McTominay",80,79.1486166666666,"79"
"Fred",80,80.6093333333334,"80"
"Nélson Semedo",80,79.1178166666667,"79"
"William Saliba",80,80.8593666666667,"80"
"Viktor Tsygankov",80,79.3945166666667,"79"
"Joselu",80,80.18165,"80"
"William Carvalho",80,79.9658666666667,"80"
"Rui Silva",80,80.0696833333333,"80"
"Marko Dmitrović",80,80.2816666666666,"80"
"Youssef En-Nesyri",80,79.1916833333333,"80"
"Javi Galán",80,80.18185,"80"
"Edgar Badia",80,80.4486166666667,"81"
"Ledesma",80,80.58705,"81"
"Reguilón",80,79.0700833333333,"79"
"Sergi Roberto",80,79.60075,"80"
"Yeray",80,79.4402833333333,"80"
"Mauro Arambarri",80,79.1270166666666,"80"
"Morata",80,80.3607000000001,"82"
"Álex Moreno",80,78.7044333333333,"78"
"Raúl García",80,79.4853000000001,"80"
"Joan Jordán",80,78.9736333333333,"80"
"Etienne Capoue",80,78.98575,"79"
"Morales",80,78.8423666666667,"79"
"Alex Telles",80,78.8506333333333,"80"
"Álex Berenguer",80,79.56375,"80"
"Francis Coquelin",80,78.99715,"80"
"Mario Hermoso",80,80.8480166666667,"82"
"Saúl",80,78.7976666666667,"79"
"Ochoa",80,78.9683499999999,"79"
"Matteo Darmian",80,79.7722666666667,"80"
"Alessio Romagnoli",80,79.4807,"79"
"Davide Calabria",80,80.1119333333333,"80"
"Andrea Consigli",80,80.2737666666667,"79"
"Alessio Cragno",80,79.4253833333333,"81"
"Amir Rrahmani",80,80.2728833333334,"80"
"Alex Sandro",80,78.5042666666667,"80"
"Hans Hateboer",80,79.01995,"78"
"Antonio Candreva",80,79.4964166666667,"80"
"Bryan Cristante",80,79.6041666666667,"80"
"Deulofeu",80,78.9402166666666,"79"
"Rick Karsdorp",80,78.7075,"78"
"Joaquín Correa",80,78.5042166666667,"81"
"Marten de Roon",80,80.2345333333334,"82"
"Teun Koopmeiners",80,80.7284833333333,"80"
"Georginio Wijnaldum",80,78.3639,"79"
"Ante Rebić",80,78.8357166666666,"79"
"Nicolás González",80,78.9863166666667,"79"
"Nikola Milenković",80,79.5638833333333,"79"
"Cristiano Biraghi",80,79.4441666666667,"80"
"Leandro Paredes",80,78.9553333333334,"79"
"Danilo",80,80.1148333333334,"80"
"Adrien Rabiot",80,79.7551,"80"
"Weston McKennie",80,79.3605666666667,"80"
"Andy Delort",80,78.0867833333333,"77"
"José Fonte",80,79.8201166666666,"80"
"Alban Lafont",80,80.7436333333333,"78"
"Hamari Traoré",80,80.1297166666666,"79"
"Lovro Majer",80,79.9661666666667,"81"
"Andy Delort",80,78.1015499999999,"77"
"Jonathan Clauss",80,80.7789333333333,"80"
"Moussa Dembélé",80,77.9482166666667,"78"
"Danilo Pereira",80,80.0077,"80"
"Renato Sanches",80,79.5395666666667,"80"
"Mattéo Guendouzi",80,80.5710833333333,"80"
"Nuno Mendes",80,80.4881499999999,"80"
"Daley Blind",80,78.6945500000001,"79"
"Daichi Kamada",80,80.8423666666666,"81"
"Mark Flekken",80,80.15445,"80"
"Charles Aránguiz",80,78.2716166666667,"77"
"Christian Günter",80,79.4694166666667,"80"
"Sardar Azmoun",80,78.1756166666667,"79"
"Thorgan Hazard",80,78.6275,"79"
"Mahmoud Dahoud",80,78.73355,"80"
"Marcel Sabitzer",80,78.526,"79"
"Djibril Sow",80,80.3497333333333,"80"
"Florian Neuhaus",80,79.4868833333334,"80"
"Maximilian Arnold",80,79.6677166666666,"80"
"Max Kruse",80,78.5166,"80"
"Ridle Baku",80,80.2771166666667,"80"
"Kevin Kampl",80,79.1702500000001,"80"
"Xaver Schlager",80,80.2103833333333,"80"
"Lukas Klostermann",80,79.1659333333333,"80"
"Jeremie Frimpong",80,80.5779833333333,"81"
"Onuachu",79,77.8784,"75"
"Danny Ings",79,78.1824333333333,"79"
"Leandro Trossard",79,79.8022833333333,"78"
"Wout Weghorst",79,77.8784333333334,"79"
"Jonny Evans",79,77.2023333333333,"78"
"Angelo Ogbonna",79,77.6841666666666,"78"
"Takehiro Tomiyasu",79,78.7412333333333,"79"
"Manuel Lanzini",79,77.6865,"77"
"Pervis Estupiñán",79,80.36455,"79"
"Lewis Dunk",79,80.1487166666666,"79"
"Leandro Trossard",79,79.79425,"78"
"Granit Xhaka",79,79.9329333333334,"79"
"Michael Keane",79,77.7942,"78"
"James Tarkowski",79,79.3590666666666,"79"
"Tyrell Malacia",79,79.19725,"79"
"Ben White",79,80.7464333333333,"81"
"Conor Coady",79,78.1506333333334,"79"
"Oleksandr Zinchenko",79,80.0578333333333,"80"
"Davinson Sánchez",79,78.0891333333334,"79"
"Matty Cash",79,78.7446833333334,"78"
"Guaita",79,79.4869166666666,"80"
"Danny Ings",79,78.1796333333333,"79"
"Dean Henderson",79,80.3279333333333,"78"
"Ezri Konsa",79,80.5690666666667,"80"
"Callum Wilson",79,80.5185833333335,"78"
"Pablo Fornals",79,78.553,"79"
"Rodrigo Bentancur",79,79.5553666666666,"79"
"Conor Gallagher",79,79.0483166666666,"79"
"Donny van de Beek",79,78.36105,"79"
"Ben Davies",79,79.4067,"80"
"John McGinn",79,79.5929833333334,"79"
"Abdoulaye Doucouré",79,78.5079833333333,"79"
"Michail Antonio",79,78.1490833333333,"77"
"Adama Traoré",79,78.5409,"79"
"Matheus Nunes",79,79.6365333333334,"79"
"Jonny",79,78.5071333333334,"78"
"Wesley Fofana",79,78.9771333333333,"78"
"Denis Suárez",79,78.4306833333333,"79"
"Marcos Alonso Mendoza",79,79.041,"79"
"Unai Núñez",79,80.4096166666666,"79"
"Juan Foyth",79,79.6776666666666,"79"
"Juanmi",79,78.3106000000001,"79"
"Héctor Bellerín",79,78.1636666666667,"78"
"Axel Witsel",79,78.18915,"79"
"Joaquín",79,78.4794333333333,"79"
"Suso",79,78.90045,"81"
"Diego López",79,78.6505666666666,"79"
"David García",79,79.0660666666667,"79"
"Luiz Felipe",79,78.64345,"79"
"Dakonam Djené",79,78.9058833333333,"79"
"Rubén García",79,78.3075333333333,"79"
"Fran Beltrán",79,80.1520833333333,"79"
"Reinildo",79,78.97535,"79"
"Manu Trigueros",79,77.92015,"78"
"Samuel Chukwueze",79,79.9414833333333,"79"
"Zubimendi",79,80.6026666666667,"80"
"Marcão",79,78.6233666666667,"76"
"Munir",79,78.6142333333333,"79"
"Nemanja Maksimović",79,78.8109333333333,"79"
"Gonzalo Montiel",79,79.0800333333333,"79"
"Agustín Marchesín",79,79.3102,"77"
"Sergio Asenjo",79,78.9865166666666,"79"
"Nemanja Gudelj",79,78.8151166666667,"79"
"Rafa Mir",79,78.3175333333333,"79"
"Renato Tapia",79,78.8255333333334,"78"
"Ander Herrera",79,78.5234166666667,"79"
"Luis Milla",79,79.1801333333333,"79"
"Erik Lamela",79,78.7606666666667,"79"
"Ezequiel Ávila",79,78.6991666666667,"79"
"Óscar Trejo",79,78.6177833333333,"77"
"Camavinga",79,80.6512833333333,"80"
"Páez Gavira",79,80.6813333333333,"81"
"Yeremy Pino",79,80.2844333333333,"78"
"Anssumane Fati",79,80.0458666666667,"81"
"Josip Brekalo",79,78.8084,"78"
"Ibañez",79,80.2703333333333,"79"
"Nemanja Matić",79,79.1083666666667,"79"
"Giacomo Raspadori",79,78.8171333333333,"79"
"Berat Djimsiti",79,78.0502333333333,"79"
"Pedro",79,78.7822166666667,"79"
"Boulaye Dia",79,80.01985,"78"
"Beto",79,79.5944166666666,"78"
"Luís Maximiano",79,79.5627999999999,"78"
"Min Jae Kim",79,80.9031333333334,"80"
"Davide Zappacosta",79,78.28045,"78"
"Marco Silvestri",79,80.2278,"83"
"Adam Marušić",79,79.7448833333334,"79"
"Alessandro Florenzi",79,78.0714833333333,"79"
"Manuel Lazzari",79,79.6525166666666,"79"
"Tanguy Ndombele",79,78.86145,"79"
"Samuel Umtiti",79,78.1278166666667,"78"
"Mattia Zaccagni",79,80.2986,"81"
"Felipe Anderson",79,80.2207166666667,"79"
"Luka Jovic",79,78.7508333333333,"79"
"Arkadiusz Milik",79,78.0922166666667,"79"
"Mattia Perin",79,79.2173499999999,"79"
"Matz Sels",79,80.2920166666667,"81"
"Steve Mandanda",79,80.21565,"83"
"Nicolas Pépé",79,78.5391666666667,"78"
"Jonas Omlin",79,79.2239833333333,"78"
"Ludovic Ajorque",79,77.6937833333334,"78"
"Jonathan David",79,81.3726,"81"
"Ludovic Blas",79,80.0655833333333,"79"
"Ismaily",79,79.37135,"78"
"Alexandr Golovin",79,80.2338333333333,"79"
"Youssouf Fofana",79,80.20705,"80"
"Benjamin André",79,79.44675,"79"
"Amine Gouiri",79,81.1239333333334,"81"
"Alexis Sánchez",79,80.8913833333334,"80"
"Jordan Veretout",79,79.8673333333333,"79"
"Chancel Mbemba",79,80.15925,"79"
"Cengiz Ünder",79,80.3194833333334,"81"
"Pau López",79,80.5619,"83"
"Maxence Caqueret",79,80.6789666666666,"79"
"Houssem Aouar",79,78.4414,"78"
"Jérôme Boateng",79,77.4465333333333,"78"
"Nordi Mukiele",79,80.1418166666667,"79"
"Vitinha",79,80.9262166666666,"81"
"Ludovic Ajorque",79,77.7893,"78"
"Jonas Omlin",79,79.3522333333333,"77"
"Benjamin Pavard",79,80.2989833333333,"82"
"Anthony Modeste",79,76.7161,"77"
"Karim Bellarabi",79,77.88835,"79"
"Manuel Riemann",79,79.5571166666666,"80"
"Ellyes Skhiri",79,79.5348499999999,"80"
"Donyell Malen",79,80.5077166666667,"81"
"Salih Özcan",79,79.9218833333333,"79"
"Julian Weigl",79,79.1921,"80"
"Lars Stindl",79,79.85895,"80"
"Ryan Gravenberch",79,78.9648,"79"
"Josip Brekalo",79,78.7595333333334,"78"
"Dominik Szoboszlai",79,80.8888999999999,"79"
"Traorè",78,77.1312333333334,"76"
"Enzo Fernández",78,78.5719333333334,"79"
"Craig Dawson",78,77.03605,"78"
"Moussa Niakhaté",78,77.0548333333334,"76"
"Craig Dawson",78,77.03505,"78"
"Kyle Walker-Peters",78,77.7809000000001,"77"
"Aleksandar Mitrović",78,78.3687833333334,"77"
"Saïd Benrahma",78,77.68145,"78"
"Willy Boly",78,76.9876666666667,"76"
"Aaron Cresswell",78,77.4709166666666,"78"
"Duje Ćaleta-Car",78,77.1329666666667,"77"
"Ben Mee",78,77.6657166666667,"78"
"Timothy Castagne",78,78.9602166666667,"78"
"Emerson",78,77.9321,"78"
"Marc Guehi",78,78.3693333333333,"79"
"Diogo Dalot",78,79.5613,"78"
"Miguel Almirón",78,78.6146333333334,"78"
"Dennis Praet",78,76.6797666666667,"78"
"Clément Lenglet",78,78.05095,"78"
"Çağlar Söyüncü",78,76.6522833333334,"76"
"Jesse Lingard",78,76.4852333333333,"76"
"Marcos Senesi",78,77.9035666666667,"77"
"James Milner",78,77.4897166666667,"78"
"Joël Veltman",78,78.3350500000001,"78"
"Tyrone Mings",78,78.6185333333334,"78"
"Douglas Luiz",78,79.3450666666667,"78"
"Patrick Bamford",78,76.9008333333333,"78"
"Ollie Watkins",78,79.2205333333333,"78"
"Nathan Aké",78,78.76785,"78"
"Maxwel Cornet",78,76.71855,"76"
"Julián Álvarez",78,79.1441166666667,"79"
"Pedro Neto",78,77.5058833333334,"78"
"Daniel Podence",78,77.8020333333333,"78"
"Saša Kalajdžić",78,76.978,"75"
"Gabriel Martinelli",78,80.2654166666666,"78"
"Pacheco",78,77.5677833333334,"78"
"Montes",78,77.4507833333334,"76"
"Oriol Romeu Vidal",78,78.85915,"78"
"Joseph Aidoo",78,78.5535333333333,"77"
"Víctor Ruiz Torre",78,77.2502666666667,"77"
"Predrag Rajković",78,79.2698666666666,"78"
"Óliver Torres",78,78.7549166666667,"77"
"Pablo Maffeo",78,78.2122000000001,"78"
"Pacheco",78,77.5606,"78"
"Stole Dimitrievski",78,79.8017666666667,"78"
"Sergio Herrera",78,78.24675,"78"
"Willian José",78,76.5809,"77"
"Franco Cervi",78,77.8532333333334,"77"
"Enes Ünal",78,78.17825,"75"
"Lucas Pérez",78,76.5061833333333,"76"
"Rubén Peña",78,76.9318166666666,"76"
"Nahuel Molina",78,79.6957666666667,"78"
"Aïssa Mandi",78,77.1518333333334,"78"
"Claudio Bravo",78,77.8111,"79"
"Pedraza",78,77.2944666666667,"77"
"Puado",78,78.1819666666667,"78"
"Portu",78,77.0446166666667,"76"
"Zubeldia",78,78.1403333333333,"79"
"Odriozola",78,77.2429,"79"
"Pierluigi Gollini",78,77.5994833333333,"78"
"Salvatore Sirigu",78,77.3902,"75"
"Francesco Caputo",78,77.6410166666667,"78"
"Brahim Díaz",78,79.5624,"78"
"Alexey Miranchuk",78,78.0864333333333,"78"
"Guglielmo Vicario",78,79.0425499999999,"78"
"Mário Rui",78,78.5168666666666,"78"
"Alex Meret",78,77.9992333333334,"78"
"Francesco Caputo",78,77.66885,"78"
"Gianluca Caprari",78,78.6208666666666,"78"
"Federico Dimarco",78,79.5384833333333,"78"
"Emil Audero",78,77.8580833333333,"78"
"Giovanni Simeone",78,76.4447,"76"
"Stefano Sensi",78,78.6947666666667,"78"
"Traorè",78,77.1412833333334,"76"
"Nikola Vlašić",78,79.1070666666667,"78"
"Maxime Lopez",78,78.8561833333333,"78"
"Faraoni",78,76.8352,"77"
"Junior Messias",78,77.5378333333334,"76"
"Eljif Elmas",78,77.9805333333334,"78"
"Roberto Pereyra",78,78.8661833333333,"80"
"Alexis Saelemaekers",78,78.5179166666667,"78"
"De Ketelaere",78,77.8605666666667,"79"
"Pierluigi Gollini",78,77.5359,"75"
"Jonathan Ikoné",78,78.4343,"79"
"Giacomo Bonaventura",78,77.4510166666667,"78"
"Moise Kean",78,77.1071833333334,"78"
"Pierre Kalulu",78,79.5614333333333,"79"
"Romain Faivre",78,77.3830166666667,"76"
"Toko Ekambi",78,78.2327,"78"
"Lovren",78,77.1125833333334,"78"
"Frédéric Guilbert",78,77.67055,"77"
"Gigot",78,78.3097833333334,"78"
"Guillermo Maripán",78,77.1321,"77"
"Dante",78,78.6060333333334,"78"
"Caio Henrique",78,79.0905333333333,"78"
"Alexander Nübel",78,78.0601666666666,"78"
"Sofiane Diop",78,77.5361166666667,"78"
"Juan Bernat",78,79.0550333333333,"78"
"Jean-Clair Todibo",78,78.7858166666667,"78"
"Pablo Rosario",78,78.4452833333334,"78"
"Andrei Girotto",78,77.779,"78"
"Junya Ito",78,79.4216166666667,"77"
"Valentin Rongier",78,79.2668333333333,"78"
"Gerson",78,77.1685666666667,"76"
"Toko Ekambi",78,78.2155833333333,"78"
"Romain Faivre",78,77.40875,"76"
"Jiří Pavlenka",78,78.32315,"76"
"Lucas Alario",78,76.2496833333334,"75"
"Philipp Lienhart",78,77.82925,"79"
"Christoph Baumgartner",78,78.7704,"78"
"Jonas Hector",78,78.10335,"78"
"Kolo Muani",78,79.6779833333333,"78"
"Sebastian Rode",78,77.4215,"78"
"Thomas Meunier",78,77.1902333333334,"76"
"Exequiel Palacios",78,78.9889333333333,"78"
"Borré",78,77.367,"78"
"Alassane Plea",78,78.4586666666667,"79"
"Marcus Thuram",78,79.5247833333333,"78"
"Ramy Bensebaini",78,78.9265,"78"
"Borna Sosa",78,78.71155,"78"
"Wataru Endo",78,79.4303333333334,"78"
"Konstantinos Mavropanos",78,78.5121,"79"
"Lukas Nmecha",78,76.7059833333334,"76"
"Mohamed Simakan",78,77.8523000000001,"76"
"Amadou Haidara",78,77.5400833333333,"78"
"Marcel Halstenberg",78,77.55035,"77"
"Piero Hincapié",78,79.5196833333333,"79"
"Jonjo Shelvey",77,76.3564666666667,"75"
"Saša Lukic",77,76.2606833333333,"76"
"Kouyaté",77,76.08465,"77"
"Noni Madueke",77,76.5558166666667,"75"
"Mislav Oršic",77,76.8370833333333,"76"
"Benoît Badiashile",77,76.7621333333333,"77"
"Bryan Gil Salvatierra",77,76.7816833333333,"75"
"Matt Targett",77,76.0955,"76"
"Issa Diop",77,76.6610166666666,"77"
"Yerry Mina",77,76.3607333333334,"76"
"Dan Burn",77,78.6134333333334,"78"
"Wout Faes",77,78.2585333333333,"77"
"Rob Holding",77,76.36185,"77"
"Fábio Vieira",77,76.7092333333333,"76"
"Mohammed Salisu",77,77.2404,"77"
"Oliver Skipp",77,76.76955,"76"
"Jonjo Shelvey",77,76.3564666666667,"75"
"Illan Meslier",77,77.9723166666667,"77"
"Ludwig Augustinsson",77,76.2730166666666,"76"
"Demarai Gray",77,76.94325,"77"
"Robert Sanchéz",77,77.1795833333334,"76"
"Kevin Mbabu",77,76.4129666666667,"76"
"Emerson",77,76.1987833333333,"76"
"Patson Daka",77,76.6975166666667,"75"
"Pascal Groß",77,78.9839666666667,"77"
"Matt Doherty",77,75.9629833333333,"76"
"Taiwo Awoniyi",77,76.8707166666667,"75"
"Konstantinos Tsimikas",77,76.4389166666667,"76"
"Joachim Andersen",77,76.8943666666666,"77"
"Kelechi Iheanacho",77,76.5361833333333,"77"
"Jack Harrison",77,77.7243,"77"
"Rodrigo",77,77.7058333333333,"76"
"Rasmus Kristensen",77,76.6241,"76"
"Fabian Schär",77,77.9083166666666,"78"
"Ivan Toney",77,78.7163333333334,"77"
"Ben Godfrey",77,76.09895,"76"
"Oxlade-Chamberlain",77,76.2193,"75"
"Daniel James",77,76.4089333333334,"77"
"Hee Chan Hwang",77,75.8935,"75"
"Max Kilman",77,77.6176666666667,"77"
"Deniz Undav",77,76.7379,"75"
"Ludwig Augustinsson",77,76.3616666666666,"76"
"Matt Doherty",77,76.1562166666667,"75"
"Bryan Gil Salvatierra",77,76.8747666666666,"75"
"Hugo Mallo",77,77.4679666666666,"77"
"Germán Pezzella",77,76.7013333333333,"77"
"Domingos Duarte",77,77.2374,"77"
"Gorosabel",77,77.4304666666667,"76"
"Negredo",77,75.8812666666667,"75"
"David López",77,76.7459666666666,"77"
"Dyego Sousa",77,75.7636166666667,"75"
"Karim Rekik",77,76.0771166666666,"76"
"Kasper Dolberg",77,75.7537,"75"
"Asier Illarramendi",77,76.3735833333333,"76"
"Benjamin Lecomte",77,76.1984,"75"
"Florian Lejeune",77,76.5863166666667,"77"
"Umar Sadiq",77,76.0605833333333,"75"
"Isi",77,77.7926333333334,"77"
"Aitor Fernández",77,77.0535166666667,"75"
"Pepe Reina",77,77.5031166666667,"79"
"Brais Méndez",77,78.1642000000001,"77"
"Fidel",77,76.3457833333334,"76"
"Damián Suárez",77,76.2639166666666,"77"
"Gonzalo Plata",77,78.3877166666667,"77"
"De Marcos",77,78.1176666666667,"78"
"Giorgi Mamardashvili",77,79.4088333333333,"77"
"Alberto Moreno",77,76.5689166666667,"77"
"Johan Mojica",77,76.2769166666667,"76"
"Valentin Castellanos",77,79.00205,"78"
"Andrés Guardado",77,76.8171666666667,"76"
"Cristhian Stuani",77,76.3906,"75"
"Unai Vencedor",77,76.8354333333333,"76"
"Lucas Boyé",77,77.0102833333333,"77"
"Capa",77,76.5273166666667,"75"
"Dani Ceballos",77,77.9703500000001,"77"
"Hugo Duro",77,76.3661166666667,"75"
"Ademola Lookman",77,78.2382166666667,"77"
"Mathías Olivera",77,76.93105,"77"
"Diego Demme",77,76.2922,"75"
"Merih Demiral",77,76.9868833333333,"77"
"Miguel Veloso",77,76.9189833333333,"78"
"Sergiño Dest",77,76.95925,"76"
"Jérémie Boga",77,76.6563166666667,"77"
"Saša Lukic",77,76.4992833333334,"75"
"Giulio Maggiore",77,76.4695,"76"
"El Shaarawy",77,77.0250666666666,"77"
"Matias Vecino",77,76.3925166666667,"76"
"Darko Lazović",77,77.4791000000001,"77"
"Rade Krunić",77,77.1629,"76"
"Matteo Pessina",77,78.8402666666667,"78"
"Adrien Tameze",77,77.3031333333334,"76"
"Gaetano Castrovilli",77,76.2318666666666,"76"
"Arthur Cabral",77,77.1670833333333,"77"
"Musa Barrow",77,76.95405,"77"
"Roberto Soriano",77,76.3645666666667,"76"
"Franck Ribéry",77,76.77375,"75"
"Davide Frattesi",77,78.5233,"78"
"Benjamin Lecomte",77,76.3972666666667,"75"
"Angelo Fulgini",77,76.4188333333333,"76"
"Adrien Thomasson",77,78.0197333333333,"77"
"Axel Disasi",77,78.4184,"77"
"Habib Diallo",77,78.5298666666666,"78"
"Nicolas Pallois",77,76.39845,"76"
"Pedro Chirivella",77,76.5305666666667,"77"
"Ruben Aguilar",77,76.3957333333333,"76"
"Stephy Mavididi",77,76.0616333333333,"75"
"Sofiane Boufal",77,76.38355,"75"
"Moses Simon",77,76.63245,"77"
"Franck Honorat",77,77.5332666666667,"77"
"Benoît Badiashile",77,76.6535833333333,"77"
"Jordan Ferri",77,78.3226166666666,"77"
"Gelson Martins",77,76.0626166666667,"76"
"Kévin Gameiro",77,76.9839,"77"
"Alexander Djiku",77,76.8980166666666,"77"
"Adrien Thomasson",77,78.0238,"77"
"Flavien Tait",77,78.3455,"78"
"Mohamed Camara",77,79.0982500000001,"78"
"Moussa Sissoko",77,76.30645,"77"
"Khéphren Thuram",77,78.95135,"78"
"Breel Embolo",77,77.8464,"77"
"Philipp Max",77,76.1741833333333,"76"
"Brooks",77,76.1232666666666,"76"
"Kasper Dolberg",77,75.5881666666667,"75"
"Rafał Gikiewicz",77,76.4534666666667,"75"
"Pavel Kadeřábek",77,76.5196833333333,"77"
"Danilo",77,76.42855,"76"
"Ritsu Doan",77,77.72095,"78"
"Iago",77,76.5900666666667,"76"
"Marvin Schwäbe",77,77.7614166666666,"77"
"Adam Hložek",77,77.2426333333333,"77"
"Giovanni Reyna",77,76.9474333333333,"77"
"Christopher Trimmel",77,76.4491166666667,"77"
"Silvan Widmer",77,76.6401666666667,"77"
"Ihlas Bebou",77,76.5072,"77"
"Callum Hudson-Odoi",77,76.3794666666667,"76"
"Tuta",77,78.9023166666667,"78"
"Angelo Fulgini",77,75.99975,"76"
"Niklas Dorsch",77,76.3813333333333,"76"
"Marius Wolf",77,77.584,"77"
"Stevan Jovetić",77,76.2532333333334,"77"
"Suat Serdar",77,77.0029333333333,"77"
"Christoph Kramer",77,77.3748,"79"
"Stefan Lainer",77,76.4812,"76"
"Marvin Friedrich",77,76.4471833333333,"77"
"Nico Elvedi",77,78.62105,"78"
"Maxence Lacroix",77,77.32665,"77"
"Yussuf Poulsen",77,76.5918833333333,"77"
"Abdou Diallo",77,76.1815,"76"
"Benjamin Henrichs",77,78.62405,"78"
"Koné",77,79.1245333333334,"78"
"Jan Bednarek",76,76.25905,"75"
"Mateus Tetê",76,76.17915,"76"
"Bertrand Traoré",76,75.93025,"76"
"Chris Wood",76,75.5582,"75"
"Andreas Hugo Hoelgebaum Pereira",76,77.1261333333334,"76"
"Carlos Vinícius Alves Morais",76,76.3175166666667,"75"
"Jan Bednarek",76,76.2191166666667,"75"
"Leander Dendoncker",76,76.0788666666667,"76"
"Neal Maupay",76,75.7978166666667,"75"
"Michael Olise",76,77.7214,"77"
"Manor Solomon",76,76.2850833333333,"75"
"Vitaliy Mykolenko",76,77.36205,"76"
"Dwight McNeil",76,77.5256,"76"
"Enock Mwepu",76,76.1608833333333,"76"
"Cheick Doucouré",76,78.0028666666667,"76"
"Curtis Jones",76,76.6329333333333,"75"
"Mikkel Damsgaard",76,76.1885166666667,"76"
"Tyrick Mitchell",76,77.93585,"77"
"Alexis Mac Allister",76,78.7543833333334,"76"
"Boubakary Soumaré",76,76.2927666666667,"76"
"Pascal Struijk",76,76.8409833333333,"75"
"Emmanuel Dennis",76,76.2369166666667,"75"
"Robin Koch",76,77.1226333333333,"77"
"Jean-Philippe Mateta",76,75.7675833333333,"75"
"Marc Roca Junqué",76,77.0481166666666,"77"
"Eberechi Eze",76,77.98975,"77"
"Odsonne Edouard",76,76.4601666666667,"76"
"Tyler Adams",76,77.42375,"76"
"James Justin",76,75.9879833333333,"76"
"Romain Perraud",76,76.09195,"76"
"Chalobah",76,76.9735666666667,"75"
"Thilo Kehrer",76,76.3289,"77"
"Ché Adams",76,76.4823,"76"
"David Raya Martin",76,78.3504999999999,"77"
"Harry Wilson",76,76.1482333333333,"75"
"David Brooks",76,75.7634833333333,"75"
"Ayoze Pérez Gutiérrez",76,76.0166166666667,"76"
"Ruben Loftus-Cheek",76,75.94275,"75"
"Mohamed Elneny",76,75.6889666666667,"75"
"Daniel Amartey",76,75.6769333333334,"75"
"Diego Llorente",76,76.0702333333333,"75"
"Morgan Sanson",76,76.1277166666667,"76"
"Christian Nørgaard",76,76.1040833333333,"77"
"Ryan Fraser",76,76.0325833333333,"75"
"Adam Webster",76,77.5209833333333,"75"
"Mohamed Elyounoussi",76,76.1904833333333,"76"
"Stuart Armstrong",76,75.9143166666667,"76"
"Jeffrey Schlupp",76,76.31765,"77"
"Chris Wood",76,75.5582,"75"
"Liam Cooper",76,75.8735666666667,"76"
"Séamus Coleman",76,76.19645,"76"
"Fraser Forster",76,75.7939,"75"
"Rayan Aït Nouri",76,76.1686166666667,"75"
"Gonzalo Escalante",76,76.1009,"75"
"Roger Martí Salvador",76,75.61175,"75"
"Haris Seferovic",76,75.5734333333334,"75"
"Ayoze Pérez Gutiérrez",76,76.69095,"76"
"Pape Gueye",76,76.3461333333334,"75"
"Suárez",76,76.78575,"77"
"Robert Kenedy Nunes do Nascimento",76,75.7886333333333,"75"
"Javier Pastore",76,76.5583833333333,"75"
"Justin Kluivert",76,76.7916333333333,"76"
"Alexander Sørloth",76,78.2721833333333,"78"
"Martin Braithwaite",76,77.3321833333334,"76"
"Shon Weissman",76,76.31925,"75"
"Daniel Vivian Moreno",76,77.0995833333333,"75"
"Thierry Rendall Correia",76,77.3941666666667,"77"
"Edgar González Estrada",76,76.6683666666667,"75"
"Óscar Gil Regaño",76,77.1890166666667,"77"
"Adrià Giner Pedrosa",76,76.4448166666667,"76"
"Eric García Martret",76,77.912,"76"
"Oihan Sancet Tirapu",76,78.4343333333333,"78"
"Catena",76,77.5126666666667,"77"
"Juan Miranda González",76,76.50715,"76"
"Ander Guevara Lajo",76,76.5086166666667,"76"
"Omar Alderete",76,76.3537999999999,"75"
"Óscar Rodríguez Arnaiz",76,76.6568166666667,"76"
"Keidi Bare",76,76.2027666666667,"76"
"Lucas Robertone",76,79.0506166666667,"78"
"Yangel Herrera",76,76.5129333333333,"75"
"Rubén Alcaraz Jiménez",76,76.40165,"75"
"Pere Milla Peña",76,75.9507166666667,"75"
"Diego Rico Salguero",76,75.8439833333333,"75"
"Zaldúa",76,76.0736166666667,"76"
"Álvaro García Rivera",76,77.1484166666667,"77"
"Youssouf Sabaly",76,76.07935,"75"
"Fabrizio Angileri",76,76.1841166666667,"76"
"Roger Martí Salvador",76,75.60605,"75"
"Roberto Torres Morales",76,76.2490166666667,"75"
"Moisés Gómez Bordonado",76,77.2213833333333,"77"
"Roque Mesa Quevedo",76,76.2858833333333,"75"
"Álex Fernández",76,76.7443666666667,"76"
"Dani Rodríguez",76,76.5121333333334,"76"
"Jaume Costa",76,76.9430333333334,"77"
"Aridane",76,76.10355,"75"
"Ante Budimir",76,76.3067166666666,"76"
"Radamel Falcao",76,75.75305,"75"
"Ivan Ilic",76,78.2137,"77"
"Nedim Bajrami",76,76.6523166666667,"76"
"Koray Günter",76,75.9327833333334,"75"
"Diego Llorente",76,76.1359,"76"
"Luca Pellegrini",76,76.1408166666667,"75"
"Szymon Zurkowski",76,76.4836333333333,"76"
"Tonny Vilhena",76,76.6975,"76"
"Harry Winks",76,76.13965,"75"
"Ivan Ilic",76,78.23925,"77"
"Tommaso Pobega",76,76.8859666666666,"75"
"Szymon Zurkowski",76,76.4772166666666,"76"
"Nedim Bajrami",76,76.64475,"76"
"Joakim Mæhle",76,78.9351166666667,"77"
"Thomas Henry",76,75.9234833333333,"75"
"Ivan Provedel",76,77.9954,"77"
"Zeki Çelik",76,76.7667666666667,"77"
"Gonzalo Escalante",76,75.8127166666666,"75"
"Andrea Petagna",76,76.2301,"76"
"Lorenzo Montipò",76,77.8072,"79"
"Di Francesco",76,76.2803833333334,"76"
"Divock Origi",76,75.7381833333333,"75"
"Roberto Gagliardini",76,75.70455,"76"
"Danilo Cataldi",76,77.40205,"76"
"Daniele Rugani",76,75.7827499999999,"76"
"Mattia De Sciglio",76,75.8208,"76"
"Koray Günter",76,75.91055,"75"
"Gregoire Defrel",76,75.8084,"75"
"Ciprian Tătărușanu",76,76.2336333333333,"76"
"Nunes Jesus",76,75.8742166666667,"75"
"Fabio Quagliarella",76,75.8419333333333,"75"
"Igor",76,76.7055833333333,"75"
"Riccardo Saponara",76,76.2141333333333,"75"
"Sofyan Amrabat",76,76.9436666666667,"76"
"Martínez Quarta",76,76.3301833333334,"76"
"Pietro Terracciano",76,77.4328333333333,"76"
"Łukasz Skorupski",76,77.2308333333333,"76"
"Lorenzo De Silvestri",76,75.42155,"75"
"Riccardo Orsolini",76,77.4530833333333,"76"
"Nicolás Domínguez",76,78.5526333333333,"76"
"Wilfried Singo",76,77.2554666666667,"75"
"Nicolò Casale",76,77.6133,"76"
"João Victor da Silva Marcelino",76,76.3064,"75"
"Morgan Sanson",76,76.2914166666667,"75"
"Florent Mollet",76,76.0344166666667,"75"
"Youcef Belaïli",76,76.81345,"75"
"Vanderson de Oliveira Campos",76,77.58675,"77"
"Youcef Belaïli",76,76.8467166666667,"75"
"Ross Barkley",76,76.37495,"76"
"Arnaud Kalimuendo",76,77.63135,"77"
"Hicham Boudaoui",76,78.7679833333333,"78"
"Gerzino Nyamsi",76,76.4518833333333,"75"
"Facundo Medina",76,78.8250833333334,"78"
"Eric Bailly",76,75.7527833333333,"75"
"Jonathan Bamba",76,78.35655,"78"
"Paul Bernardoni",76,77.1036,"76"
"Baptiste Santamaria",76,77.1763166666667,"77"
"Birger Meling",76,77.2634666666666,"76"
"Przemysław Frankowski",76,78.58025,"77"
"Johan Gastien",76,76.6622833333333,"77"
"Yunis Abdelhamid",76,78.2391833333333,"78"
"Sanjin Prcić",76,76.1698666666667,"75"
"Marco Bizot",76,77.7157,"79"
"Cédric Bakambu",76,75.7729666666667,"75"
"Maxime Gonalons",76,75.8207833333334,"76"
"Aaron Ramsey",76,76.57435,"75"
"Gaël Kakuta",76,76.1989166666667,"75"
"Mamadou Sakho",76,75.65335,"75"
"Pape Gueye",76,76.1367666666667,"75"
"Suárez",76,76.1750666666667,"75"
"Thiago Mendes",76,77.2452,"76"
"Mateus Tetê",76,76.6805833333333,"76"
"Hugo Ekitike",76,77.1939166666667,"75"
"Castello Lukeba",76,78.625,"78"
"Serhou Guirassy",76,77.26745,"76"
"Maximilian Philipp",76,75.4790833333333,"75"
"Jérôme Roussillon",76,76.0421333333334,"75"
"Ejuke",76,76.0727333333333,"75"
"Kristijan Jakić",76,76.2989166666667,"75"
"Anton Stach",76,77.0620666666667,"77"
"Jonathan Burkardt",76,75.9102333333333,"75"
"Luca Pellegrini",76,76.10485,"75"
"Dejan Ljubicic",76,76.6446166666666,"77"
"Arne Maier",76,76.5511333333333,"75"
"Diadié Samassékou",76,76.6303,"76"
"Timo Hübers",76,77.8331666666667,"77"
"Roland Sallai",76,75.80965,"75"
"Andrey Lunev",76,76.17365,"75"
"Grischa Prömel",76,76.05895,"75"
"Reece Oxford",76,76.0508,"75"
"Nadiem Amiri",76,76.0642166666666,"76"
"Robin Zentner",76,76.8418500000001,"76"
"Timo Baumgartl",76,75.85365,"75"
"Jae Sung Lee",76,76.8019833333333,"76"
"Dominik Kohr",76,76.2039333333333,"75"
"Robin Knoche",76,76.5927,"76"
"Mark Uth",76,75.7027166666667,"75"
"Kevin Vogt",76,76.1558666666667,"76"
"Simon Terodde",76,76.2794166666667,"75"
"Florent Mollet",76,76.0050666666667,"75"
"Florian Müller",76,76.7224833333334,"76"
"Sheraldo Becker",76,77.513,"77"
"Jérôme Roussillon",76,76.0453166666667,"75"
"Paulo Otávio",76,76.7966666666667,"77"
"Yannick Gerhardt",76,77.3536166666666,"77"
"Mattias Svanberg",76,76.9719,"77"
"Maximilian Philipp",76,75.4778833333333,"75"
"Jonas Wind",76,76.5280333333333,"75"
"Patrick Wimmer",76,77.4624166666666,"77"
"Matias Viña",75,75.7797166666667,"75"
"Kamaldeen Sulemana",75,76.1682166666667,"75"
"Albert Sambi Lokonga",75,76.0373,"75"
"Cédric",75,75.5653833333333,"75"
"Anthony Gordon",75,76.4527166666666,"75"
"Mario Lemina",75,75.5553666666667,"75"
"Georginio Rutter",75,75.9018833333333,"75"
"Maximilian Wöber",75,75.7497166666667,"75"
"Ainsley Maitland-Niles",75,75.5626166666667,"76"
"Layvin Kurzawa",75,75.60865,"75"
"Armando Broja",75,76.0362833333333,"75"
"Luke Thomas",75,75.8451166666667,"75"
"Brennan Johnson",75,78.2915333333333,"77"
"Aaron Hickey",75,76.1780833333333,"75"
"Bryan Mbeumo",75,78.2999833333333,"78"
"Tariq Lamptey",75,76.2786,"75"
"Albert Sambi Lokonga",75,76.0351666666666,"75"
"Junior Firpo",75,75.6230333333333,"75"
"Ethan Pinnock",75,76.7129333333333,"75"
"Joseph Willock",75,78.4557,"78"
"Morgan Gibbs-White",75,78.0384666666667,"77"
"Ryan Sessegnon",75,75.9450333333333,"75"
"Yoane Wissa",75,76.7477166666667,"77"
"Orel Mangala",75,76.4800833333333,"75"
"Joe Aribo",75,75.7358333333334,"75"
"Tom Davies",75,75.6315333333333,"75"
"Dominic Solanke",75,77.0735333333333,"76"
"Mason Holgate",75,75.5108666666667,"75"
"Rico Henry",75,77.2043,"77"
"Kristoffer Ajer",75,75.45755,"75"
"Joelinton",75,78.2141833333333,"77"
"Marek Rodák",75,75.7071833333333,"75"
"Tosin Adarabioyo",75,76.2056166666667,"75"
"Philip Billing",75,76.5568166666667,"77"
"Jefferson Lerma",75,76.5963333333333,"77"
"Alex Iwobi",75,78.0708833333333,"77"
"Danny Ward",75,76.5735,"76"
"Robin Olsen",75,76.2319166666667,"75"
"Solly March",75,78.5009666666667,"78"
"Will Hughes",75,75.8805666666667,"75"
"Sam Johnstone",75,75.6391166666666,"75"
"Harrison Reed",75,77.0735333333333,"77"
"Calum Chambers",75,75.1993333333333,"75"
"Ryan Fredericks",75,75.8010666666667,"75"
"Jamaal Lascelles",75,75.6140833333333,"75"
"Cédric",75,75.5551166666667,"75"
"Jordan Ayew",75,76.2088,"75"
"Joel Robles Blázquez",75,75.5181666666667,"75"
"Tom Cairney",75,76.0443,"75"
"Pontus Jansson",75,75.4421666666667,"75"
"Alex McCarthy",75,75.5257666666667,"75"
"Luke Ayling",75,75.9026,"75"
"Danny Welbeck",75,76.93875,"77"
"Marc Albrighton",75,75.71825,"75"
"Adam Lallana",75,75.6859166666666,"75"
"Asmir Begović",75,76.1502333333333,"75"
"James McArthur",75,75.6376333333333,"75"
"Nathan Collins",75,76.2357333333333,"75"
"Djed Spence",75,76.1071166666667,"75"
"Tino Livramento",75,76.4522,"75"
"Anthony Gordon",75,76.4388833333333,"75"
"Jacob Ramsey",75,78.5786333333334,"78"
"Samuel Dias Lino",75,78.35235,"78"
"Rodrigo Ely",75,77.0670166666666,"76"
"Clément Grenier",75,75.9286,"75"
"Antonio Villa Suárez",75,76.1984166666667,"75"
"Théo Bongonda",75,76.2739833333333,"76"
"Nico González",75,76.3114333333334,"75"
"Jon Moncayola Tollar",75,78.4278166666667,"75"
"Aihen Muñoz Capellán",75,77.1964666666667,"76"
"Fran García",75,78.05705,"77"
"Iddrisu Baba",75,75.99345,"75"
"Álvaro Aguado Méndez",75,76.5833166666666,"76"
"Jawad El Yamiq",75,76.1122666666667,"75"
"Carles Pérez Sayol",75,77.0726,"76"
"Pol Mikel Lirola Kosok",75,75.3910333333333,"75"
"Santiago Comesaña Veiga",75,76.7098333333333,"75"
"Iván Alejo Peralta",75,75.6990333333333,"75"
"Eduardo Expósito Jaén",75,75.9558833333334,"75"
"Kevin Vázquez Comesaña",75,75.7123666666667,"75"
"Iñigo Lekue Martínez",75,75.6113833333333,"75"
"Vedat Muriqi",75,77.9165833333333,"78"
"Jaime Mata Arnaiz",75,75.9983166666667,"75"
"Unai López Cabrera",75,76.3514666666666,"75"
"Lucas Olaza",75,75.5601,"75"
"Embarba",75,75.8854166666667,"76"
"Martin Valjent",75,76.55325,"75"
"Daniel García Carrillo",75,75.94665,"75"
"Samuel Castillejo Azuaga",75,76.2041833333333,"75"
"Omar Mascarell González",75,76.05375,"75"
"Lucas Torró Marset",75,77.01305,"75"
"Anthony Lozano",75,75.5241833333333,"75"
"Fernando Martínez Rubio",75,78.3140333333333,"77"
"Iván Balliu",75,77.4059666666667,"77"
"Dimitri Foulquier",75,75.4876666666667,"75"
"Samuel Sáiz Alonso",75,75.8330166666667,"75"
"Martín Montoya Torralbo",75,75.3213833333333,"75"
"Leandro Cabrera",75,76.0530333333334,"75"
"Escudero Palomo",75,75.6018833333333,"75"
"Kike García",75,75.7598499999999,"75"
"Mikel Balenziaga",75,75.58825,"75"
"Andriy Lunin",75,76.2464,"76"
"Vallejo",75,75.9123666666667,"75"
"Eldor Shomurodov",75,75.6402333333333,"75"
"Bram Nuytinck",75,75.84365,"75"
"Samuele Birindelli",75,76.0058166666666,"75"
"Giuseppe Pezzella",75,75.5765833333334,"75"
"Marko Pjaca",75,75.6464,"75"
"Krzysztof Piatek",75,76.20555,"75"
"Soualiho Meïté",75,75.96635,"75"
"Jean-Daniel Akpa Akpro",75,75.6969833333333,"75"
"Simone Verdi",75,76.0134499999999,"75"
"Matias Viña",75,75.9199,"75"
"Riccardo Sottil",75,75.9108333333333,"75"
"Marash Kumbulla",75,75.93715,"75"
"Toma Bašić",75,75.99535,"75"
"Nehuén Pérez",75,78.14225,"77"
"Yacine Adli",75,76.0030666666667,"75"
"Perr Schuurs",75,77.2297666666667,"77"
"Eldor Shomurodov",75,75.6291666666667,"75"
"Rodrigo Becão",75,77.2381333333333,"75"
"Strefezza",75,77.4180833333333,"77"
"Andrea Pinamonti",75,76.7968666666666,"76"
"Dodô",75,77.7422833333334,"77"
"Omar Colley",75,75.8845666666667,"75"
"Petar Stojanović",75,75.6542333333333,"75"
"Daniele Verde",75,76.1238,"75"
"Rolando Mandragora",75,76.7611,"75"
"Cyriel Dessers",75,76.1328833333333,"75"
"Mattia Caldara",75,75.8398833333333,"75"
"Antonio Sanabria",75,77.6246666666667,"78"
"Tiemoué Bakayoko",75,75.8198166666667,"75"
"Marco Sportiello",75,75.8331833333334,"76"
"Bartłomiej Drągowski",75,77.2481833333333,"76"
"Paweł Dawidowicz",75,75.4116,"75"
"Valentino Lazaro",75,76.4221833333333,"75"
"Federico Ceccherini",75,75.5973666666666,"75"
"Elseid Hysaj",75,76.5481833333334,"77"
"Alfred Duncan",75,75.7521666666667,"75"
"Pablo Marí Villar",75,77.1006833333334,"76"
"Patricio Gabarrón Gil",75,77.0165666666666,"75"
"Jeison Murillo",75,75.39745,"75"
"Manolo Gabbiadini",75,76.2497333333333,"75"
"Filip Đuričić",75,76.1006166666667,"76"
"Mattia Destro",75,75.3660833333333,"75"
"Bram Nuytinck",75,75.8463166666667,"75"
"Tolgay Arslan",75,76.0849333333333,"75"
"Albin Ekdal",75,75.7368,"75"
"Ștefan Radu",75,76.00295,"75"
"Stefan Posch",75,76.7160333333333,"75"
"Michel Aebischer",75,75.76475,"75"
"Nicola Sansone",75,75.5883833333333,"75"
"Alberth Elis",75,75.7486833333333,"75"
"Djed Spence",75,75.9553333333333,"75"
"Fabien Centonze",75,75.7641,"75"
"Malang Sarr",75,75.6561833333333,"75"
"André Filipe Tavares Gomes",75,76.8761666666667,"75"
"Arthur Theate",75,79.0604000000001,"80"
"Adrien Truffert",75,77.4907833333333,"75"
"Kamaldeen Sulemana",75,76.1652666666667,"75"
"Melvin Bard",75,78.3554,"76"
"Tiago Djaló",75,77.6997333333334,"75"
"Jean Lucas",75,75.7425,"75"
"Jérémy Doku",75,77.7327499999999,"77"
"Enzo Le Fée",75,78.62355,"78"
"Loïs Openda",75,79.1078166666666,"78"
"Leonardo Balerdi",75,77.4414166666667,"77"
"Mohamed Bayo",75,75.7949666666667,"75"
"Youcef Atal",75,76.1560166666666,"76"
"Myron Boadu",75,75.7552666666667,"75"
"Kevin Danso",75,78.9954666666667,"77"
"Jean-Ricner Bellegarde",75,77.6154333333333,"77"
"Dimitri Liénard",75,76.18585,"75"
"Jordan Lotomba",75,78.0871333333333,"77"
"Ibrahima Sissoko",75,75.7999,"75"
"Pierre Lees-Melou",75,76.5144166666666,"75"
"Florian Sotoca",75,78.69565,"78"
"Takumi Minamino",75,75.7863333333333,"75"
"Adam Buksa",75,75.6074,"75"
"Jonathan Gradit",75,77.9363000000001,"75"
"Jean-Eudes Aholou",75,75.7187,"75"
"Islam Slimani",75,75.5779833333333,"75"
"Brendan Chardonnet",75,76.26275,"75"
"Laurent Abergel",75,76.6920666666667,"75"
"Jimmy Cabot",75,75.76685,"75"
"Mario Lemina",75,75.5922166666667,"75"
"Rony Lopes",75,76.8469333333333,"78"
"Thomas Foket",75,76.6788000000001,"77"
"Sead Kolašinac",75,78.3163666666667,"78"
"Yvon Mvogo",75,76.8321166666667,"76"
"Jonas Martin",75,75.5176666666667,"75"
"Wahbi Khazri",75,76.1712333333333,"75"
"Benoît Costil",75,76.0299,"75"
"Jean-Louis Leca",75,75.7258,"75"
"Amine Harit",75,75.7577166666667,"75"
"Malo Gusto",75,77.0964333333333,"77"
"Warmed Omari",75,77.2911166666666,"75"
"Éder Balanta",75,75.6128166666667,"75"
"Josip Juranovic",75,76.1984,"75"
"Michael Frey",75,75.7116,"75"
"Ivan Ordets",75,76.2858833333333,"75"
"Ansgar Knauff",75,76.1078,"75"
"Karim Adeyemi",75,77.5130666666666,"77"
"Odilon Kossounou",75,76.1523166666667,"75"
"Amos Pieper",75,76.4144666666667,"75"
"Jesper Lindstrøm",75,77.5202,"77"
"Paulinho",75,76.0303833333333,"75"
"Mitchel Bakker",75,76.5497833333333,"75"
"Ruben Vargas",75,75.831,"75"
"Anthony Caci",75,76.12135,"75"
"Aarón Martín Caricol",75,76.252,"77"
"Dennis Geiger",75,77.1624,"75"
"Felix Uduokhai",75,75.6729166666666,"75"
"Maximilian Eggestein",75,76.0185166666666,"75"
"Benno Schmitz",75,76.68505,"75"
"Niklas Stark",75,75.57165,"75"
"Kevin Akpoguma",75,75.6876,"75"
"Munas Dabbur",75,76.0828666666667,"75"
"Niclas Füllkrug",75,77.6682833333333,"76"
"Leonardo Bittencourt",75,76.1139166666666,"75"
"Jeffrey Gouweleeuw",75,76.0098,"75"
"Frederik Rønnow",75,77.3190833333334,"77"
"Nicolas Höfler",75,76.8472333333333,"75"
"Michael Gregoritsch",75,77.2696166666667,"77"
"Anthony Losilla",75,76.2753,"75"
"Stefan Bell",75,76.4254666666667,"75"
"Daniel Caligiuri",75,75.8730333333334,"75"
"Marvin Ducksch",75,77.7524833333333,"78"
"Florian Kainz",75,77.2514,"75"
"Sebastian Rudy",75,75.649,"75"
"Sven Ulreich",75,75.7394333333334,"75"
"Eric Maxim Choupo-Moting",75,77.2274333333333,"75"
"Lucas Tousart",75,76.4247166666666,"75"
"Jean-Paul Boëtius",75,75.5416333333334,"75"
"Vladimír Darida",75,76.1981666666667,"75"
"Marc-Oliver Kempf",75,75.9388166666667,"75"
"Alex Král",75,76.6735666666666,"75"
"Cédric Brunner",75,76.07875,"75"
"Thomas Ouwejan",75,76.0070333333334,"76"
"Alexander Schwolow",75,76.2492833333333,"75"
"Ko Itakura",75,76.9726166666666,"76"
"Tiago Tomás",75,76.4930499999999,"75"
"Waldemar Anton",75,77.6124166666667,"75"
"Daniel-Kofi Kyereh",75,75.9116333333333,"75"
"Silas",75,77.2187333333333,"77"
"Sebastiaan Bornauw",75,76.25075,"75"
"Josuha Guilavogui",75,75.5183833333333,"75"
"Luca Waldschmidt",75,75.5384166666666,"75"
"Georginio Rutter",75,75.9385666666667,"75"
